Community,Users,Movies,Most Common Genre,Genre Percentage,Top Central Nodes
1,169,2620,o,67.13740458015268,"[(68, 0.1289500509683996), (318, 0.11916411824668706), (249, 0.10825688073394496)]"
2,149,1857,r,71.19009154550349,"[(288, 0.11580020387359838), (387, 0.10509683995922528), (603, 0.09612640163098879)]"
3,36,1415,m,72.65017667844523,"[(414, 0.2753312945973497), (480, 0.10621814475025484), (307, 0.1017329255861366)]"
4,13,1247,o,80.11226944667202,"[(599, 0.2534148827726809), (380, 0.1396534148827727), (274, 0.13771661569826707)]"
5,5,899,a,93.65962180200222,"[(474, 0.22038735983690114), (606, 0.11396534148827728), (462, 0.046381243628950054)]"
6,5,748,e,74.33155080213903,"[(448, 0.19072375127420998), (89, 0.05382262996941896), (517, 0.04159021406727829)]"
7,233,415,m,66.02409638554217,"[(356, 0.061467889908256884), (50, 0.051580020387359836), (357, 0.048318042813455656)]"
