Community,Users,Movies,Most Common Genre,Percentage
1,169,2620,Comedy,39.88549618320611
2,149,1857,Drama,46.25740441572429
3,36,1415,Drama,52.86219081272085
4,13,1247,Drama,36.246992782678426
5,5,899,Drama,61.29032258064516
6,5,748,Comedy,62.03208556149733
7,233,415,Drama,43.373493975903614
